id;username;email;age;created_at
5bd08f39-20e8-4fb6-b19c-5c9b47bfdfe0;forgather nor;"&E&|@CFs.5";27230;2025-05-31T14:03:57
de496e59-8f74-4174-96b7-a14a37aff844;passport boo;"H@Pz.OcaS";17406;2025-05-31T07:53:38
f20b4a3c-f22b-499d-a515-73721e5bddeb;incidentally;"N?L,@cj6S.Zeui";21906;2025-05-31T07:43:53
534f377f-4a4a-4bab-9354-fcf10d885344;aha because;"fcO(H{@L`R.E)&m";15715;2025-05-30T23:03:06
db1c6542-40af-4782-a9f3-71c09a947ef3;flight stale;"f2y@0C(uA1.{";21057;2025-05-31T12:35:25
d15c79b7-9c84-4c35-af98-a9c4c688af94;refine while swift;"~Lc,S&@f.5";526;2025-05-30T16:36:38
a70f2316-1aac-4b62-98e7-596f474ab88a;finally into;"KfSPFB@Q8.v";22907;2025-05-30T16:23:32
174b13e1-83c3-48aa-b5e7-1b9f0cbe8f21;gum boohoo er;"F)<@!*e.U$3KH";12412;2025-05-31T11:38:32
01d53fba-f8b3-4868-8394-eb664460ca67;vainly substitution;"05$i@jX9.[T";28553;2025-05-31T07:37:17
00d14b81-ac0d-4165-a493-38353afa2dd6;however after oof;"7{F[@D[d(Z(.}$";6746;2025-05-30T21:02:59
